ORIGINAL GUIDE BY MUHAMMAD ABDUSY SYUKUR
ORIGINAL GUIDE BY MUHAMMAD ABDUSY SYUKUR
ORIGINAL GUIDE BY MUHAMMAD ABDUSY SYUKUR
ORIGINAL GUIDE BY MUHAMMAD ABDUSY SYUKUR
ORIGINAL GUIDE BY MUHAMMAD ABDUSY SYUKUR

======================================================


Ini hanya mengalihkan pengaturan kedalam settings.apk
yg biasa dikenal dgn sebutan "Non APK"
Jadi, hrus sudah menerapkan original guide oleh Muhammad Abdusy Syukur terlebih dahulu.

Dc settings.apk

masukkan bahan sesuai dengan kebutuhan/yg dibutuhkan.

tambahkan di arrays.xml

<string-array name="goyang_entries">
        <item>1x goyang</item>
        <item>2x goyang</item>
        <item>3x goyang (default)</item>
        <item>4x goyang</item>
        <item>5x goyang</item>
        <item>6x goyang</item>
        <item>7x goyang</item>
        <item>8x goyang</item>
        <item>9x goyang</item>
        <item>10x goyang</item>
    </string-array>
    <string-array name="timeout_entries">
        <item>1 detik</item>
        <item>2 detik</item>
        <item>3 detik</item>
        <item>4 detik</item>
        <item>5 detik</item>
        <item>6 detik (detik)</item>
        <item>7 detik</item>
        <item>8 detik</item>
        <item>9 detik</item>
        <item>10 detik</item>
    </string-array>
    <string-array name="item_values">
        <item>1</item>
        <item>2</item>
        <item>3</item>
        <item>4</item>
        <item>5</item>
        <item>6</item>
        <item>7</item>
        <item>8</item>
        <item>9</item>
        <item>10</item>
    </string-array>
---^^^^
</resources>

NEXT,

tambahkan ini di display.xml atau dmn saja...


    <PreferenceScreen android:title="Goyang ScreenShot" android:fragment="id.kido1611.mod.goyangsettings.GoyangSettings" />



save, recompile & decompile lagi....

buka GoyangSettings.smali

cari      0x7f06005d   ganti dengan <public type="xml" name="pref_goyang_screenshot"


save, recompile, sign, reboot...


salam 

ST
GT

======================================================

ORIGINAL GUIDE BY MUHAMMAD ABDUSY SYUKUR
ORIGINAL GUIDE BY MUHAMMAD ABDUSY SYUKUR
ORIGINAL GUIDE BY MUHAMMAD ABDUSY SYUKUR
ORIGINAL GUIDE BY MUHAMMAD ABDUSY SYUKUR
ORIGINAL GUIDE BY MUHAMMAD ABDUSY SYUKUR