##[GUIDE]NOTIF-N + CIRCLE IN RIGHT BOTTOM]##
==========================================

-Step 1: Decompiled framework-res.apk and input file all the files to their habitat and override each wrote if your device mt6582 kitkat,..

-Step 2: Now open the folder res / values / color.xml and add it on top </ resource>

    <color name="lollipop_lime">#ff4a8df8</color>
    <color name="anu">#ff4a4a4a</color>
    <color name="itu">#ff4a4a4a</color>
    <color name="ini">#ff4a4a4a</color>
    <color name="ono">#ff4a4a4a</color>

-Step 3: Open the file drawable.xml and add it on top </resource>

    <item type="drawable" name="notification_bg_low_normal">#ffffffff</item>
    <item type="drawable" name="notification_bg_normal">#ffffffff</item>
    <item type="drawable" name="notification_bg_normal_pressed">#ffdddddd</item>
    <item type="drawable" name="notification_bg_low_normal_pressed">#ffdddddd</item>
    <item type="drawable" name="notification_bg_low_pressed">#ffdddddd</item>

Note: Check back in the folder res / drawable below if there is delete it

   - notification_bg_low_normal
   - notification_bg_normal
   - notification_bg_normal_pressed
   - notification_bg_low_normal_pressed
   - notification_bg_low_pressed

-Step 3: Open the file in res/values/string.xml and add it on top </resource>

    <string name="noukat_notification">• Notification •</string>

    And Open the file in res/values-in/string.xml and add it on top </resource>

    <string name="noukat_notification">• Pemberitahuan •</string>

-Step 4: Save recompile and fush to the system .... Done


Creadit:
=>Maaad reborn
=>Me and Me
=>GarudaMod Rom
=>Allah SWT




