Decompile Settings.apk

Masukkan / merge bahan kehabitatnya masing-masing.


_____________________
res/values/arrays.xml
=====================
    <string-array name="notification_background_mode_entries">
        <item>Default</item>
        <item>Color</item>
        <item>Image</item>
        <item>Glaussian Blur Image</item>
    </string-array>
    <string-array name="notification_background_mode_values">
        <item>1</item>
        <item>2</item>
        <item>3</item>
        <item>4</item>
    </string-array>
	
_____________________
res/values/ids.xml
=====================
    <item type="id" name="notification_drawer">false</item>

______________________
red/values/strings.xml
======================

    <string name="dialog_color_picker">Color Picker</string>
    <string name="press_color_to_apply">Press on color below to apply</string>
    <string name="arrow_right">→</string>
    <string name="arrow_down">↓</string>
    <string name="hex">Hex:</string>
    <string name="hex_hint">\#ff000000</string>
    <string name="set">Set</string>
    <string name="notification_style_title">Notification Background Settings</string>

______________________
AndroidManifiest.xml
======================	

        <activity android:label="Notification background" android:name="com.android.settings.alliv.AllivFeature.NotificationBackground">
            <intent-filter>
                <action android:name="android.intent.action.MAIN" />
            </intent-filter>
        </activity>
		
______________________________
res/xml/display_settings.xml
=============================	

	<PreferenceScreen android:id="@id/notification_drawer" android:title="@string/notification_style_title" android:key="notification_style">
        <intent android:targetPackage="com.android.settings" android:action="android.intent.action.MAIN" android:targetClass="com.android.settings.alliv.AllivFeature.NotificationBackground" />
    </PreferenceScreen>
	
Recompile , decompile lagi

net/margaritov/preference/colorpicker/ColorPickerDialog.smali



0x7f0400c1===>>> type="layout" name="adi_dialog_color_picker"

0x7f0b09e0===>>> type="string" name="dialog_color_picker"

0x7f08028b===>>> type="id" name="color_picker_view"

0x7f080292===>>> type="id" name="old_color_panel"

0x7f080293===>>> type="id" name="new_color_panel"

0x7f08028c===>>> type="id" name="white_panel"

0x7f08028d===>>> type="id" name="black_panel"

0x7f08028e===>>> type="id" name="cyan_panel"

0x7f08028f===>>> type="id" name="red_panel"

0x7f080290===>>> type="id" name="green_panel"

0x7f080291===>>> type="id" name="yellow_panel"

0x7f080289===>>> type="id" name="hex"

0x7f08028a===>>> type="id" name="enter"

0x7f080293===>>> type="id" name="new_color_panel"

com/android/settings/alliv/AllivFeature/NotificationBackground.smali

0x7f050055===>>> type="xml" name="settings_notification_drawer"

Recompile sign push