[12.1]AppCircleSidebar non apk

...iseng2 masang di 12.1 work 100%.
langsung aJ䪪..

dc settings.apk
paste smua bahan k� habitatnya..

#.open ids.xml and paste sebelum </resources>

    <item type="id" name="seekBarPrefUnitsRight">false</item>
    <item type="id" name="seekBarPrefValue">false</item>
    <item type="id" name="seekBarPrefUnitsLeft">false</item>
    <item type="id" name="seekBarPrefBarContainer">false</item>
--------------------
#.open strings.xmland paste sblm </resources>

    <string name="app_circle_sidebar">App Circle Sidebar</string>
    <string name="settings_circle_sidebar">Settings application circle sidebar</string>
    <string name="category_app_circle_bar_title">App launcher</string>
    <string name="app_circle_bar_title">App Circle Sidebar</string>
    <string name="app_circle_bar_summary">Show circle app launcher after touching right side of screen</string>
    <string name="app_circle_bar_included_apps_title">Included apps</string>
    <string name="app_circle_bar_included_apps_summary">Apps will show in app circle bar</string>
    <string name="trigger_category">Trigger region</string>
    <string name="trigger_width_title">Trigger width</string>
    <string name="trigger_width_summary">Adjust the width of the trigger area</string>
    <string name="trigger_top_title">Trigger position</string>
    <string name="trigger_top_summary">Adjust the vertical postion of the trigger area</string>
    <string name="trigger_bottom_title">Trigger height</string>
    <string name="trigger_bottom_summary">Adjust the height of the trigger area</string>
----------------------------
#.open AndroidManifest.xml and paste sblm </application>

        <activity android:label="@string/app_circle_sidebar" android:name="com.maxdev.appcirclesidebar.SettingsAppCircleSidebar">
            <intent-filter>
                <action android:name="android.intent.action.MAIN" />
            </intent-filter>
        </activity>
----------------------
#.open dashboard_categories.xml and paste sblm     </dashboard-category>

     <dashboard-tile android:icon="@drawable/ic_rom_control_appbar" android:title="@string/app_circle_sidebar" android:key="circle_sidebar" android:summary="@string/settings_circle_sidebar">
            <intent android:targetPackage="com.android.settings" android:action="android.intent.action.MAIN" android:targetClass="com.maxdev.appcirclesidebar.SettingsAppCircleSidebar" />
        </dashboard-tile>

"..untuk taruh ditmpat lain...
<PreferenceScreen android:icon="@drawable/ic_rom_control_appbar" android:title="@string/app_circle_sidebar" android:key="circle_sidebar" android:summary="@string/settings_circle_sidebar">
            <intent android:targetPackage="com.android.settings" android:action="android.intent.action.MAIN" android:targetClass="com.maxdev.appcirclesidebar.SettingsAppCircleSidebar" />
        </PreferenceScreen>

#recompile dan decompile lagi.. compare public.xml ane :
    -smali/maxdev/amro/controlcenter/widget/d.smali
    -smali/com/maxdev/appcirclesidebar/SettingsAppsCircleSidebar.smali

#Recompile.. Sign.. Done 

#.Next..dc SystemUI.apk
paste smua bahan k� habitatnya..

----------
#.open dimens.xmland paste sblm </resources>

	<dimen name="app_sidebar_trigger_width">12dip</dimen>
	<dimen name="app_sidebar_listview_width">160dp</dimen>
	<dimen name="app_sidebar_icon_width">72dp</dimen>
	<dimen name="app_sidebar_icon_height">72dp</dimen>
	<dimen name="shadow_width">8dp</dimen>
	<dimen name="layer_width">300dp</dimen>
	<dimen name="offset_width">48dp</dimen>
	
------------
#.open strings.xmland paste sblm </resources>

	<string name="app_float_maximize_item_title">Maximize</string>
	<string name="app_float_item_title">Float view</string>
	<string name="app_stop_item_title">Kill app</string>	
	<string name="status_bar_recent_inspect_item_title">App info</string>
	
------------
#.open ids.xmland paste sblm </resources>

	<item type="id" name="key_parent" />
    <item type="id" name="key_position" />
	<item type="id" name="sidebar_float_item" />
    <item type="id" name="sidebar_inspect_item" />
	<item type="id" name="sidebar_stop_item" />

--------------
#.open styles.xmland paste sblm </resources>

	<style name="ListTheme" parent="@*android:style/Theme.Holo">
        <item name="android:windowBackground">@*android:color/transparent</item>
        <item name="android:windowIsTranslucent">true</item>
        <item name="android:scrollbars">none</item>
        <item name="android:clipChildren">false</item>
        <item name="android:listSelector">@*android:color/transparent</item>
        <item name="android:divider">@null</item>
        <item name="android:backgroundDimEnabled">true</item>
        <item name="android:overScrollMode">never</item>
    </style>
	
------------------
#.open smali/com/android/systemui/statusbar/basestatusbar.smali


# Paste script dibawah setelah .field protected mAccessibilityManager:Landroid/view/accessibility/AccessibilityManager;
------------
.field protected mAppCircleSidebar:Lcom/android/systemui/statusbar/appcirclesidebar/AppCircleSidebar;



# Paste script dibawah tepat dibawah # virtual methods
-----------
.method protected addAppCircleSidebar()V
    .locals 5

    .prologue
    .line 93
    iget-object v1, p0, Lcom/android/systemui/statusbar/BaseStatusBar;->mAppCircleSidebar:Lcom/android/systemui/statusbar/appcirclesidebar/AppCircleSidebar;

    if-nez v1, :cond_0

    .line 94
    iget-object v1, p0, Lcom/android/systemui/statusbar/BaseStatusBar;->mContext:Landroid/content/Context;

    invoke-virtual {v1}, Landroid/content/Context;->getResources()Landroid/content/res/Resources;

    move-result-object v1

    const-string v2, "app_circle_sidebar"

    const-string v3, "layout"

    iget-object v4, p0, Lcom/android/systemui/statusbar/BaseStatusBar;->mContext:Landroid/content/Context;

    invoke-virtual {v4}, Landroid/content/Context;->getPackageName()Ljava/lang/String;

    move-result-object v4

    invoke-virtual {v1, v2, v3, v4}, Landroid/content/res/Resources;->getIdentifier(Ljava/lang/String;Ljava/lang/String;Ljava/lang/String;)I

    move-result v0

    .line 95
    .local v0, "resIdLayout":I
    iget-object v1, p0, Lcom/android/systemui/statusbar/BaseStatusBar;->mContext:Landroid/content/Context;

    const/4 v2, 0x0

    invoke-static {v1, v0, v2}, Landroid/view/View;->inflate(Landroid/content/Context;ILandroid/view/ViewGroup;)Landroid/view/View;

    move-result-object v1

    check-cast v1, Lcom/android/systemui/statusbar/appcirclesidebar/AppCircleSidebar;

    iput-object v1, p0, Lcom/android/systemui/statusbar/BaseStatusBar;->mAppCircleSidebar:Lcom/android/systemui/statusbar/appcirclesidebar/AppCircleSidebar;

    .line 96
    sget v1, Landroid/os/Build$VERSION;->SDK_INT:I

    const/16 v2, 0x10

    if-ne v1, v2, :cond_1

    .line 97
    invoke-static {}, Landroid/view/WindowManagerImpl;->getDefault()Landroid/view/WindowManagerImpl;

    move-result-object v1

    iget-object v2, p0, Lcom/android/systemui/statusbar/BaseStatusBar;->mAppCircleSidebar:Lcom/android/systemui/statusbar/appcirclesidebar/AppCircleSidebar;

    invoke-virtual {p0}, Lcom/android/systemui/statusbar/BaseStatusBar;->getAppCircleSidebarLayoutParams()Landroid/view/WindowManager$LayoutParams;

    move-result-object v3

    invoke-virtual {v1, v2, v3}, Landroid/view/WindowManagerImpl;->addView(Landroid/view/View;Landroid/view/ViewGroup$LayoutParams;)V

    .line 102
    .end local v0    # "resIdLayout":I
    :cond_0
    :goto_0
    return-void

    .line 98
    .restart local v0    # "resIdLayout":I
    :cond_1
    sget v1, Landroid/os/Build$VERSION;->SDK_INT:I

    const/16 v2, 0x11

    if-lt v1, v2, :cond_0

    .line 99
    iget-object v1, p0, Lcom/android/systemui/statusbar/BaseStatusBar;->mWindowManager:Landroid/view/WindowManager;

    iget-object v2, p0, Lcom/android/systemui/statusbar/BaseStatusBar;->mAppCircleSidebar:Lcom/android/systemui/statusbar/appcirclesidebar/AppCircleSidebar;

    invoke-virtual {p0}, Lcom/android/systemui/statusbar/BaseStatusBar;->getAppCircleSidebarLayoutParams()Landroid/view/WindowManager$LayoutParams;

    move-result-object v3

    invoke-interface {v1, v2, v3}, Landroid/view/WindowManager;->addView(Landroid/view/View;Landroid/view/ViewGroup$LayoutParams;)V

    goto :goto_0
.end method

#Paste script dibawah tepat dibawah .method protected abstract refreshLayout(I)V
-----------

.method protected removeAppCircleSidebar()V
    .locals 2

    .prologue
    .line 105
    iget-object v0, p0, Lcom/android/systemui/statusbar/BaseStatusBar;->mAppCircleSidebar:Lcom/android/systemui/statusbar/appcirclesidebar/AppCircleSidebar;

    if-eqz v0, :cond_0

    .line 107
    sget v0, Landroid/os/Build$VERSION;->SDK_INT:I

    const/16 v1, 0x10

    if-ne v0, v1, :cond_1

    .line 108
    invoke-static {}, Landroid/view/WindowManagerImpl;->getDefault()Landroid/view/WindowManagerImpl;

    move-result-object v0

    iget-object v1, p0, Lcom/android/systemui/statusbar/BaseStatusBar;->mAppCircleSidebar:Lcom/android/systemui/statusbar/appcirclesidebar/AppCircleSidebar;

    invoke-virtual {v0, v1}, Landroid/view/WindowManagerImpl;->removeView(Landroid/view/View;)V

    .line 113
    :cond_0
    :goto_0
    return-void

    .line 109
    :cond_1
    sget v0, Landroid/os/Build$VERSION;->SDK_INT:I

    const/16 v1, 0x11

    if-lt v0, v1, :cond_0

    .line 110
    iget-object v0, p0, Lcom/android/systemui/statusbar/BaseStatusBar;->mWindowManager:Landroid/view/WindowManager;

    iget-object v1, p0, Lcom/android/systemui/statusbar/BaseStatusBar;->mAppCircleSidebar:Lcom/android/systemui/statusbar/appcirclesidebar/AppCircleSidebar;

    invoke-interface {v0, v1}, Landroid/view/WindowManager;->removeView(Landroid/view/View;)V

    goto :goto_0
.end method

-------------
#Paste script dibawah tepat diatas .method protected getCurrentMediaController()Landroid/media/session/MediaController;
-----------

.method protected getAppCircleSidebarLayoutParams()Landroid/view/WindowManager$LayoutParams;
    .locals 7

    .prologue
    .line 66
    iget-object v2, p0, Lcom/android/systemui/statusbar/BaseStatusBar;->mContext:Landroid/content/Context;

    invoke-virtual {v2}, Landroid/content/Context;->getResources()Landroid/content/res/Resources;

    move-result-object v2

    const-string v3, "app_sidebar_trigger_width"

    const-string v4, "dimen"

    iget-object v5, p0, Lcom/android/systemui/statusbar/BaseStatusBar;->mContext:Landroid/content/Context;

    invoke-virtual {v5}, Landroid/content/Context;->getPackageName()Ljava/lang/String;

    move-result-object v5

    invoke-virtual {v2, v3, v4, v5}, Landroid/content/res/Resources;->getIdentifier(Ljava/lang/String;Ljava/lang/String;Ljava/lang/String;)I

    move-result v6

    .line 68
    .local v6, "resIdWidth":I
    iget-object v2, p0, Lcom/android/systemui/statusbar/BaseStatusBar;->mContext:Landroid/content/Context;

    invoke-virtual {v2}, Landroid/content/Context;->getResources()Landroid/content/res/Resources;

    move-result-object v2

    invoke-virtual {v2, v6}, Landroid/content/res/Resources;->getDimensionPixelSize(I)I

    move-result v1

    .line 70
    .local v1, "maxWidth":I
    new-instance v0, Landroid/view/WindowManager$LayoutParams;

    .line 72
    const/4 v2, -0x1

    .line 73
    const/16 v3, 0x7e1

    .line 74
    const v4, 0x840068

    .line 80
    const/4 v5, -0x3

    .line 70
    invoke-direct/range {v0 .. v5}, Landroid/view/WindowManager$LayoutParams;-><init>(IIIII)V

    .line 82
    .local v0, "lp":Landroid/view/WindowManager$LayoutParams;
    const/16 v2, 0x35

    iput v2, v0, Landroid/view/WindowManager$LayoutParams;->gravity:I

    .line 83
    const-string v2, "AppCircleSidebar"

    invoke-virtual {v0, v2}, Landroid/view/WindowManager$LayoutParams;->setTitle(Ljava/lang/CharSequence;)V

    .line 85
    return-object v0
.end method

-------------

#Open smali/com/android/systemui/statusbar/phone/PhoneStatusBar.smali

#Paste script dibawah tepat dibawah invoke-direct {p0}, Lcom/android/systemui/statusbar/phone/PhoneStatusBar;->resetUserSetupObserver()V
-------------------
invoke-direct {p0}, Lcom/android/systemui/statusbar/phone/PhoneStatusBar;->setupAppCircleSidebar()V

--------------
#Paste script dibawah tepat dibawah .method private setNavigationIconHints(I)V
---------------------
.method private setupAppCircleSidebar()V
    .locals 0

    .prologue
    .line 135
    invoke-virtual {p0}, Lcom/android/systemui/statusbar/phone/PhoneStatusBar;->addAppCircleSidebar()V

    .line 136
    return-void
.end method

Ditulis kembali oleh :
Kurniawan_Harry

Credit to:
-Allah SWT.. & Nabi SAW
-Muhammad Abdusy Syukur
-Guide Maker (Penulis Appcirclesidebar non apk)
-M.a.a.a.d Reborn

